[
  {
    "model": "app_products.category",
    "pk": 1,
    "fields": {
      "title": "Смартфоны",
      "description": "Различные смартфоны от разных производителей",
      "image": "",
      "available": true,
      "subcategories": [
        8,
        9,
        10,
        11
      ]
    }
  },
  {
    "model": "app_products.category",
    "pk": 2,
    "fields": {
      "title": "Ноутбуки",
      "description": "Ноутбуки от разных производителей",
      "image": "",
      "available": true,
      "subcategories": [
        14,
        15,
        16,
        17
      ]
    }
  },
  {
    "model": "app_products.category",
    "pk": 3,
    "fields": {
      "title": "Телевизоры",
      "description": "Телевизоры от разных производителей",
      "image": "",
      "available": true,
      "subcategories": [
        5,
        6,
        7,
        12,
        13
      ]
    }
  },
  {
    "model": "app_products.category",
    "pk": 4,
    "fields": {
      "title": "Квадрокоптеры",
      "description": "Квадрокоптеры от разых производителей",
      "image": "",
      "available": true,
      "subcategories": [
        18,
        19,
        20,
        21,
        22
      ]
    }
  },
  {
    "model": "app_products.category",
    "pk": 5,
    "fields": {
      "title": "TV Samsung",
      "description": "Телевизоры бренда Samsung",
      "image": "",
      "available": true,
      "subcategories": []
    }
  },
  {
    "model": "app_products.category",
    "pk": 6,
    "fields": {
      "title": "LG",
      "description": "Телевизоры бренда LG",
      "image": "",
      "available": true,
      "subcategories": []
    }
  },
  {
    "model": "app_products.category",
    "pk": 7,
    "fields": {
      "title": "SONY",
      "description": "Телевизоры бренда SONY",
      "image": "",
      "available": true,
      "subcategories": []
    }
  },
  {
    "model": "app_products.category",
    "pk": 8,
    "fields": {
      "title": "Xiaomi",
      "description": "Смартфоны бренда XIaomi",
      "image": "",
      "available": true,
      "subcategories": []
    }
  },
  {
    "model": "app_products.category",
    "pk": 9,
    "fields": {
      "title": "Apple iPhone",
      "description": "Смартфоны бренда Apple iPhone",
      "image": "",
      "available": true,
      "subcategories": []
    }
  },
  {
    "model": "app_products.category",
    "pk": 10,
    "fields": {
      "title": "SP Samsung",
      "description": "Смартфоны бренда Samsung",
      "image": "",
      "available": true,
      "subcategories": []
    }
  },
  {
    "model": "app_products.category",
    "pk": 11,
    "fields": {
      "title": "Huawei",
      "description": "Смартфоны бренда Huawei",
      "image": "",
      "available": true,
      "subcategories": []
    }
  },
  {
    "model": "app_products.category",
    "pk": 12,
    "fields": {
      "title": "Hisense",
      "description": "Телевизоры бренда Hisense",
      "image": "",
      "available": true,
      "subcategories": []
    }
  },
  {
    "model": "app_products.category",
    "pk": 13,
    "fields": {
      "title": "TCL",
      "description": "Телевизоры бренда TCL",
      "image": "",
      "available": true,
      "subcategories": []
    }
  },
  {
    "model": "app_products.category",
    "pk": 14,
    "fields": {
      "title": "MSI",
      "description": "Ноутбуки бренда MSI",
      "image": "",
      "available": true,
      "subcategories": []
    }
  },
  {
    "model": "app_products.category",
    "pk": 15,
    "fields": {
      "title": "Lenovo",
      "description": "Ноутбуки бренда Lenovo",
      "image": "",
      "available": true,
      "subcategories": []
    }
  },
  {
    "model": "app_products.category",
    "pk": 16,
    "fields": {
      "title": "Dell",
      "description": "Ноутбуки бренда Dell",
      "image": "",
      "available": true,
      "subcategories": []
    }
  },
  {
    "model": "app_products.category",
    "pk": 17,
    "fields": {
      "title": "ASUS",
      "description": "Ноутбуки бренда ASUS",
      "image": "",
      "available": true,
      "subcategories": []
    }
  },
  {
    "model": "app_products.category",
    "pk": 18,
    "fields": {
      "title": "DJI",
      "description": "Квадрокоптеры бренда DJI",
      "image": "",
      "available": true,
      "subcategories": []
    }
  },
  {
    "model": "app_products.category",
    "pk": 19,
    "fields": {
      "title": "AUTEL",
      "description": "Квадрокоптеры бренда AUTEL",
      "image": "",
      "available": true,
      "subcategories": []
    }
  },
  {
    "model": "app_products.category",
    "pk": 20,
    "fields": {
      "title": "Fimi",
      "description": "Квадрокоптеры бренда Fimi",
      "image": "",
      "available": true,
      "subcategories": []
    }
  },
  {
    "model": "app_products.category",
    "pk": 21,
    "fields": {
      "title": "PowerVision",
      "description": "Квадрокоптеры бренда PowerVision",
      "image": "",
      "available": true,
      "subcategories": []
    }
  },
  {
    "model": "app_products.category",
    "pk": 22,
    "fields": {
      "title": "SwellPro",
      "description": "Квадрокоптеры бренда SwellPro",
      "image": "",
      "available": true,
      "subcategories": []
    }
  },
  {
    "model": "app_products.product",
    "pk": 1,
    "fields": {
      "title": "Смартфон Apple iPhone 14 128Gb, A2881, фиолетовый",
      "fullDescription": "Ваше фото. Ваш шрифт. Ваши виджеты. Ваш iPhone.\r\n\r\niOS 16 позволяет по-новому настроить экран блокировки. Наслаивайте фотографию, чтобы она выделялась. Отслеживайте свои кольца активности. И просматривайте живые обновления из ваших любимых приложений.\r\n\r\nАвтономность\r\n\r\nВплоть до 20 часов воспроизведения видео на iPhone 14.\r\n\r\nНовая основная камера и улучшенная обработка изображений позволяют делать еще более сенсационные снимки при любом освещении, особенно при слабом освещении.\r\n\r\nВ 2,5 раза лучше фотографии при слабом освещении на основной камере\r\nВ 2 раза лучше фотографии при слабом освещении на сверхширокоугольной камере\r\nВ iPhone 14 используется тот же сверхскоростной чип, что и в iPhone 13 Pro.\r\n\r\nA15 Bionic с 5-ядерным графическим процессором поддерживает все новейшие функции и делает графически насыщенные игры и приложения дополненной реальности максимально плавными. Обновленный внутренний дизайн обеспечивает лучшую тепловую эффективность, поэтому вы можете дольше оставаться в движении.\r\n\r\nКоличество памяти: 128 Гб\r\n\r\nЦвет: фиолетовый",
      "price": "980.99",
      "count": 10,
      "category": 9,
      "date": "2023-04-25T14:14:01.028Z",
      "freeDelivery": false,
      "rating": "0.0",
      "available": true,
      "isLimited": false,
      "tags": [
        1
      ]
    }
  },
  {
    "model": "app_products.product",
    "pk": 2,
    "fields": {
      "title": "Смартфон Apple iPhone 14 Pro 128Gb, A2889, темно-фиолетовый",
      "fullDescription": "Новый способ взаимодействия с iPhone. Революционные функции безопасности, разработанные для спасения жизней. Инновационная 48-мегапиксельная камера для потрясающей детализации. Все работает на новейшем чипе Apple A16 Bionic.\r\n\r\nРазработан для долговечности.\r\n\r\nС керамическим экраном, более прочным, чем любое стекло смартфона.\r\nВодонепроницаемый. \r\nХирургическая нержавеющая сталь.\r\nДиагональ экрана 6,1″\r\nДинамический остров\r\n\r\nВместо \"челки\" теперь Dynamic Island, настоящая инновация Apple. Он выводит музыку, спортивные результаты, FaceTime и многое другое — и все это не отвлекает вас от того, что вы делаете.\r\n\r\nDynamic Island сочетает в себе веселье и функциональность, как никогда раньше, объединяя ваши уведомления, оповещения и действия в одном интерактивном месте. Он интегрирован в iOS 16 и может работать со всеми типами приложений, чтобы легко отображать то, что вам нужно, именно тогда, когда вам это нужно.\r\n\r\nВсегда включенный дисплей. Всегда наготове.\r\n\r\nТеперь ваш экран блокировки всегда виден, поэтому вам даже не нужно нажимать на него, чтобы быть в курсе событий. Когда iPhone перевернут лицевой стороной вниз или находится в кармане, он отключается для экономии заряда аккумулятора.\r\n\r\nВаше фото. Ваш шрифт. Ваши виджеты. Ваш iPhone.\r\n\r\niOS 16 позволяет по-новому настроить экран блокировки. Наслаивайте фотографию, чтобы она выделялась. Отслеживайте свои кольца активности. И просматривайте живые обновления из ваших любимых приложений.\r\n\r\nДисплей, который до 2 раз ярче на солнце.\r\n Гораздо больше подробностей. При гораздо меньшем освещении.\r\n\r\nВ 3 раза лучше фотографии при слабом освещении на сверхширокоугольной камере\r\nВ 2 раза лучше фотографии при слабом освещении на основной камере\r\nВ 2 раза лучше фотографии при слабом освещении на телеобъектив\r\nВдохновитель всего.\r\n\r\nНовый процессор A16 Bionic, совершенный для смартфонов.\r\n\r\nВесь день.\r\n\r\niPhone 14 Pro по-прежнему обеспечивает удивительное время автономной работы в течение всего дня. \r\n\r\n23 часа воспроизведения видео на iPhone 14 Pro \r\nКоличество памяти: 128 Гб\r\n\r\nЦвет: фиолетовый",
      "price": "1348.87",
      "count": 5,
      "category": 9,
      "date": "2023-04-25T14:21:01.130Z",
      "freeDelivery": false,
      "rating": "4.5",
      "available": true,
      "isLimited": false,
      "tags": [
        1
      ]
    }
  },
  {
    "model": "app_products.product",
    "pk": 3,
    "fields": {
      "title": "Смартфон Huawei Mate 50 Pro 8/256Gb, серебристый",
      "fullDescription": "Смартфон Huawei Mate 50 Pro выполен в корпусе, защищенном от попадания частиц пыли и влаги. Экран устойчив к повреждениям благодаря прочному стеклу Kunlun.\r\n\r\nОсобенности\r\n\r\nПлавная и надежная работа в многозадачным режиме благодаря восьмиядерному процессору Qualcomm Snapdragon 8+ Gen 1 и 8 Гб оперативной памяти.\r\nФункция попиксельного предсказания обеспечивает энергоэффективность, снижение температуры гаджета, а также стабильно высокую частоту кадров во время игрового процесса.\r\n256 Гб встроенной памяти — для хранения большого количества игр, фото и видео.\r\nВозможность увеличить хранилище вдвое посредством установки карты NM Card.\r\nФункция «‎Защита данных фотографий» позволяет удалить личную информацию с фото.\r\nАккумулятор емкостью 4700 мАч с функцией беспроводной зарядки SuperCharge. Ресурса в 1% хватит на 12 мин. разговора или для приема входящих звонков и сообщений на протяжении 3 ч.\r\nДостоинства изображения\r\n\r\nOLED дисплей диагональю 6,74 дюйма воспроизводит четкую и яркую картинку при любом уровне освещения. Плавная трансляция динамичных сцен благодаря частоте обновления 120 Гц. Специальная опция затемнения снижает нагрузку на глаза при пользовании гаджетом в сумерках.\r\n\r\nНовые возможности в фотографии\r\n\r\nТройной модуль основной камеры (50, 13 и 64 Мп) для записи видео в 4К качестве и качественных снимков. Смартфон оснащен широкой диафрагмой с возможностью настройки параметров вручную. Предусмотрены режимы для ночной, портретной и макро-съемки. Фронтальная камера разрешением 13 Мп — для лучших селфи.\r\n\r\nБезопасность данных\r\n\r\nСистема автоматически проверяется на наличие вирусов и подозрительных действий, обеспечивая безопасность данных.",
      "price": "613.12",
      "count": 7,
      "category": 11,
      "date": "2023-04-25T14:26:01.704Z",
      "freeDelivery": false,
      "rating": "0.0",
      "available": true,
      "isLimited": false,
      "tags": [
        3
      ]
    }
  },
  {
    "model": "app_products.product",
    "pk": 4,
    "fields": {
      "title": "Смартфон Samsung Galaxy S23 Ultra 5G 12256Gb, SM-S918B, черный фантом",
      "fullDescription": "Больше инноваций, меньше отпечатков пальцев\r\nНаш поразительный симметричный дизайн возвращается с одним существенным отличием: использование переработанных и экологически чистых материалов.1,2 От вторично переработанного стекла до цвета полированного металлического каркаса – в этой форме красота является второй природой. Приглушенные тона\r\nСохраняйте естественность благодаря множеству оттенков, навеянных природой.4 Каждый оттенок, созданный с использованием натуральных красителей, элегантен и благороден, но при этом совершенно практичен. Разработано с учетом интересов планеты\r\nИспользование экологически чистых материалов делает этот смартфон самым экологичным в истории.1,2 Переработанное стекло и пленка PET подчеркивают внешний вид телефона, а коробка из переработанной бумаги делает его экологически чистым с того момента, как он попадает к вам в руки",
      "price": "1477.50",
      "count": 10,
      "category": 10,
      "date": "2023-04-25T14:32:18.393Z",
      "freeDelivery": true,
      "rating": "3.0",
      "available": true,
      "isLimited": false,
      "tags": [
        4
      ]
    }
  },
  {
    "model": "app_products.product",
    "pk": 5,
    "fields": {
      "title": "Смартфон Samsung Galaxy Z Flip 4 8256Gb, SM-F721B, графитовый",
      "fullDescription": "Подойдет к любому образу\r\nКомпактный и стильный Galaxy Z Flip4 подойдет ко всему и легко поместится даже в маленький карман. При этом это полноразмерный и мощный смартфон.\r\nНе боится воды\r\nНе нужно бояться намочить его. Это первый в мире складной смартфон с защитой от воды.7 Он может находиться на глубине 1,5 метра до 30 минут и выйти сухим из воды. Снимайте с режимом Flex!\r\nПредставляем режим Flex, который позволяет снимать с разных ракурсов без помощи рук. Зафиксируйте смартфон под нужным углом, чтобы сделать групповой снимок, селфи или видео с умопомрачительных ракурсов и с впечатляющей реалистичной детализацией. Идеально для ваших социальных сетей!\r\nРаботает дольше, заряжается быстрее\r\nС таким зарядом вас никто не остановит. Улучшенный 4нм процессор и аккумулятор емкостью 3700 мАч для работы и развлечений на целый день. Если смартфон садится, подключитесь к сети с помощью кабеля сверхбыстрой зарядки или воспользуйтесь быстрым беспроводным зарядным устройством 2.0. Также вы сможете поделиться с другом или зарядить наушники с функцией Wireless PowerShare.",
      "price": "858.25",
      "count": 8,
      "category": 10,
      "date": "2023-04-25T14:36:24.639Z",
      "freeDelivery": false,
      "rating": "2.0",
      "available": true,
      "isLimited": false,
      "tags": [
        4
      ]
    }
  },
  {
    "model": "app_products.product",
    "pk": 6,
    "fields": {
      "title": "Смартфон Xiaomi 12T Pro 8128Gb, голубой",
      "fullDescription": "Xiaomi 12T Pro — производительный смартфон для тех, кто любит фотографировать. Мощный процессор, 8 Гб оперативной памяти и емкий аккумулятор — залог долгой и продуктивной работы.\r\n\r\nОсобенности смартфона\r\n\r\nИнновационный 4-нм техппроцесс обеспечивает энергоэффективность и высокую производительность.\r\nЗарядка всего за 19 минут за счет функции HyperCharge 120 Вт.\r\nAMOLED дисплей CrystalRes с функцией защиты зрения — для получения четкого, яркого изображения с высокой точностью цветопередачи.\r\n128 Гб внутренней памяти для хранения документов, медиа и игр.\r\nКачественный, объемный стереозвук благодаря встроенной аудиосистеме из двух динамиков.\r\nБлагодаря матовой поверхности на корпусе не остается отпечатков пальцев.\r\nСистема камер для съемки\r\n\r\nВключает объектив разрешением 200 Мп с 8Р-линзой и оптической стабилизацией — снимки получаются четкие, с естественной цветопередачей и улучшенным качеством благодаря ИИ. Режим Ultra Burst позволит провести съемку до 30 кадров/сек в моменте, а выбрать лучшие кадры — потом. Объектив для макросъемки запечатлит самые мелкие объекты в высокой детализации.\r\n\r\nСистема охлаждения\r\n\r\nВключает испарительную камеру, которая позволяет быстро снизить температуру внутри гаджета даже при интенсивной эксплуатации.\r\n\r\nДостойный уровень автономности\r\n\r\nТонкий аккумулятор в сочетании с энергоэффективным инновационным процессором сохраняет плотность энергии на высоком уровне, обеспечивая до 13,5 часов бесперебойной работы — без необходимости в подзарядке.",
      "price": "674.43",
      "count": 10,
      "category": 8,
      "date": "2023-04-25T14:39:18.809Z",
      "freeDelivery": false,
      "rating": "0.0",
      "available": true,
      "isLimited": false,
      "tags": [
        5
      ]
    }
  },
  {
    "model": "app_products.product",
    "pk": 7,
    "fields": {
      "title": "Смартфон Xiaomi Poco F4 GT 12/256Gb, желтый",
      "fullDescription": "Xiaomi Poco F4 GT — флагманский смартфон с плоским точечным AMOLED-дисплеем диаметром 6,7 дюймов. Мощный процессор и 12 Гб «оперативки» обеспечивают высокую производительность даже в режиме мультизадачности.\r\n\r\nПреимущества\r\n\r\nМощный 8-ядерный процессор Snapdragon 8 Gen1, частотой 3000 МГц.\r\n12 Гб оперативной памяти. 256 Гб — встроенной.\r\nЧастота обновлений — до 120 Гц.\r\nПоддержка модуля искусственного интеллекта.\r\nРеализована система жидкостного охлаждения.\r\nВысокое разрешение экрана — 2400×1080 пикселей.\r\nЗащитное стекло Corning Gorilla Glass Victus.\r\nПроизводительность\r\n\r\nСмартфон оснащен производительным 8-ядерным процессором ЦП Qualcomm Kryo с тактовой частотой до 3,0 ГГц. Вместе с оперативной памятью 12 Гб это гарантирует высокую скорость обработки данных и принятия решений.\r\n\r\nС этой моделью можно запускать любые игры, доступные для мобильных устройств, работать в различных сервисах онлайн, одновременно открывать и использовать 4, 5 и более приложений.\r\n\r\nВозможности искусственного интеллекта\r\n\r\nВ Xiaomi Poco F4 GT вставлен блок ИИ Qualcomm AI Engine 7-го поколения. Qualcomm AI Engine способен выполнять одновременно несколько функций — снижать уровень энергопотребления устройства, улучшать работу камеры и ускорять процесс обработки готовых изображений.\r\n\r\nИИ также отвечает за реалистичность графики при просмотре видео или в играх. А еще с ним наблюдается рост производительности процессора на 35% для каждого ядра.\r\n\r\nУниверсальный дисплей\r\n\r\nВ смартфон установлен дисплей нового поколения TrueColor с поддержкой 1,07 млрд. цветов и широким цветовым охватом DCI-P3. Отображаемая картинка — четкая, реалистичная; видео плавное, без дефектов и точек.\r\n\r\nДля удобства предусмотрены режимы чтения и солнечного света, настраиваемые пользователем самостоятельно или используемые по умолчанию.\r\n\r\nСтекло Corning Gorilla Glass Victus надежно защищает сенсор от любых воздействий.",
      "price": "980.99",
      "count": 8,
      "category": 8,
      "date": "2023-04-25T14:42:20.966Z",
      "freeDelivery": false,
      "rating": "0.0",
      "available": true,
      "isLimited": true,
      "tags": [
        5
      ]
    }
  },
  {
    "model": "app_products.product",
    "pk": 8,
    "fields": {
      "title": "Телевизор Hisense Laser TV 100L5F-D12",
      "fullDescription": "Телевизор Hisense Laser TV 100L5F — инновация в области домашнего ТВ и ваш пропуск в реалистичный виртуальный мир.\r\n\r\nЯркое и детализированное изображение в любых условиях\r\n\r\nПроектор через ультракороткофокусный лазерный поток передает на просторный экран в 100 дюймов «живую» проекцию динамического изображения в наилучшем качестве Ultra HD 4K.\r\n\r\nтехнология HDR поддерживает высокую детализацию изображения в условиях максимальной динамики;\r\nтехнология Pure Color расширяет цветовой спектр до уровня выше установленного стандарта для устройств с UHD 4K;\r\nопция MEMC создает плавный видеоряд, в 10 раз превышающий по качеству этот параметр у OLED-телевизоров.\r\nПоверхность гибкого и ультратонкого экрана отражает световые лучи, благодаря чему изображение остается максимально детализированным и ярким — при любом уровне освещенности.\r\n\r\nДинамичное и реалистичное звучание\r\n\r\nНасыщенный звук формируют встроенные динамики общей мощностью 30 Вт. Технология Dolby ATMOS создает объемное реалистичное звучание, как в зале кинотеатра. Распространяющиеся из периметра к центру звуковые волны погружают зрителя в происходящее на экране.\r\n\r\nБезопасность и комфорт\r\n\r\nБлагодаря тому, что на экран передается проекция изображения, видеоряд воспринимается естественно, без какой-либо нагрузки на глаза — даже в условиях длительного просмотра.\r\n\r\nПри изготовлении лазерного телевизора Hisense Laser TV 100L5F не используются вредные элементы типа бериллия, кадия, свинца и ртути, что делает устройство экологичным.",
      "price": "3065.48",
      "count": 10,
      "category": 12,
      "date": "2023-04-25T14:45:46.922Z",
      "freeDelivery": true,
      "rating": "0.0",
      "available": true,
      "isLimited": false,
      "tags": [
        6
      ]
    }
  },
  {
    "model": "app_products.product",
    "pk": 9,
    "fields": {
      "title": "Телевизор Hisense Laser TV 100L9G-D12",
      "fullDescription": "Экран поставляется в разобранном виде. Поставка экрана и проектора — в одной упаковке\r\nВсе необходимое для самостоятельной сборки экрана идет в комплекте поставки. Следуя инструкции процесс сборки не доставит хлопот. Основное преимущество такого экрана — удобная транспортировка. ЛАЗЕРНЫЕ ТЕЛЕВИЗОРЫ HISENSE ВЫВОДЯТ ТЕХНОЛОГИИ ПРОИЗВОДСТВА ТЕЛЕВИЗОРОВ НА НОВЫЙ УРОВЕНЬ\r\nБлагодаря более чем 1300 патентным заявкам, Hisense является инноватором в области производства лазерных телевизоров и предлагает на рынке свои самые современные разработки. РЕАЛИСТИЧНЫЕ ДЕТАЛИ\r\nИсточник трехцветного лазерного излучения RGB одновременно создает три изображения различного цвета, что обеспечивает более качественное воспроизведение цветов и равномерную яркость. Более широкая цветовая гамма, улучшенная технология Trichroma и обновленный экран с поддержкой специальной светопоглощающей технологии позволяют создать максимально реалистичное изображение.",
      "price": "4904.97",
      "count": 10,
      "category": 12,
      "date": "2023-04-25T14:49:24.173Z",
      "freeDelivery": false,
      "rating": "0.0",
      "available": true,
      "isLimited": true,
      "tags": [
        6
      ]
    }
  },
  {
    "model": "app_products.product",
    "pk": 10,
    "fields": {
      "title": "Телевизор LG 86UQ91006LA.ARUB",
      "fullDescription": "Телевизор LG 86UQ91006LA обладает впечатляющей и реалистичной цветопередачей благодаря технологии LG NanoCell, гарантирующей чистые цвета и Real 4K. Телевизор LG UHD теперь имеет более тонкий дизайн и тонкую рамку, которые гармонично сочетаются с вашим интерьером. Интеллектуальный процессор 5 Gen5 дает эффект полного погружения. Технология LG NanoCell использует наночастицы для фильтрации не очищенных цветовых оттенков из волны RGB-сигнала. Интеллектуальная технология ThinQ AI позволяет эффективно использовать весь функционал телевизора LG UHD: от голосового управления до персонализации контента.",
      "price": "2574.99",
      "count": 9,
      "category": 6,
      "date": "2023-04-25T14:52:45.158Z",
      "freeDelivery": false,
      "rating": "0.0",
      "available": true,
      "isLimited": false,
      "tags": [
        7
      ]
    }
  },
  {
    "model": "app_products.product",
    "pk": 11,
    "fields": {
      "title": "Телевизор LG OLED65G1RLA.ADGG",
      "fullDescription": "Телевизор OLED LG OLED65G2RLA с толщиной корпуса менее 3 см при настенном монтаже выглядит, как обычная картина. Выбирайте разные режимы просмотра, используйте экран в качестве игрового монитора или панели управления техникой умного дома. 4K-разрешение позволяет насладиться удивительной четкостью и реалистичной передачей цвета, а громкие динамики с сабвуфером усиливают эффект домашнего кинотеатра.\r\nТелевизором LG OLED65G2RLA можно управлять с помощью голоса и мобильного приложения. Модель умеет транслировать сигнал на ТВ в соседней комнате и воспроизводить файлы в формате виртуальной реальности. Датчик движения допускает управление пультом, как мышкой с отражающимся на экране курсором.",
      "price": "3065.61",
      "count": 10,
      "category": 6,
      "date": "2023-04-25T14:55:15.494Z",
      "freeDelivery": false,
      "rating": "0.0",
      "available": true,
      "isLimited": false,
      "tags": [
        7
      ]
    }
  },
  {
    "model": "app_products.product",
    "pk": 12,
    "fields": {
      "title": "Телевизор Samsung QE65QN900BUXCE",
      "fullDescription": "В телевизорах Neo QLED 8K подсветка с точным локальным управлением яркости осуществляется с помощью запатентованной компанией технологии микроскопических светодиодов Quantum Mini LED. Благодаря этой технологии зритель сможет различить невидимые ранее мельчайшие детали изображения в самых темных и самых светлых сценах. Теперь для точного управления локальной подсветкой используется в 1,5 раза больше зон подсветки, чем при использовании стандартной технологии квантовой матрицы (Quantum Matrix Technology). Высочайшее качество изображения 8К телевизора Neo QLED обеспечивается с помощью мощного процессора Neo Quantum с поддержкой технологии искусственного интеллекта. Вместо одной нейронной сети для анализа визуальных данных квантовый процессор Neo Quantum 8K использует данные, сформированные с помощью 16 нейронных сетей. В результате обеспечивается исключительно точное отображение мельчайших деталей изображения в максимально высоком разрешением 8К. Технология Quantum HDR устанавливает новый стандарт исключительной детализации изображения и яркости. Насладитесь богатой палитрой точно воспроизводимого цвета и глубоким контрастом с великолепной передачей мельчайших деталей. Технология HDR10+ оптимизирует цветовые тона каждой сцены, благодаря чему вы можете оценить тончайшие нюансы игры цвета.",
      "price": "5739.92",
      "count": 5,
      "category": 5,
      "date": "2023-04-25T14:58:27.448Z",
      "freeDelivery": false,
      "rating": "0.0",
      "available": true,
      "isLimited": true,
      "tags": [
        8
      ]
    }
  },
  {
    "model": "app_products.product",
    "pk": 13,
    "fields": {
      "title": "Телевизор Sony KD-75X81K",
      "fullDescription": "елевизор LED Sony KD75X81J позволяет получать удовольствие от естественного и реалистичного контента на большом экране. В нем установлена панель Direct LED диагональю 75 дюймов, которая воспроизводит детализированную картинку в разрешении 4K с насыщенными и глубокими оттенками. Акустическая система 20 Вт при поддержке стандарта Dolby Atmos формирует насыщенный звук с динамичным басом.\r\nВ телевизоре реализована платформа Smart TV, которая позволяет запускать развлекательные сервисы и осуществлять поиск мультимедиа. В данной модели реализован широкий набор проводных и беспроводных интерфейсов для быстрой синхронизации с необходимыми устройствами. В комплекте с телевизором Sony KD75X81J поставляются подставка и пульт ДУ. Также отмечается возможность крепления телевизора на стене с помощью совместимого кронштейна.",
      "price": "1643.16",
      "count": 10,
      "category": 7,
      "date": "2023-04-25T15:01:07.975Z",
      "freeDelivery": false,
      "rating": "0.0",
      "available": true,
      "isLimited": false,
      "tags": [
        9
      ]
    }
  },
  {
    "model": "app_products.product",
    "pk": 14,
    "fields": {
      "title": "Телевизор TCL 75C725",
      "fullDescription": "Телевизор LED TCL 75P725G с огромным 190-сантиметровым в диагонали экраном с разрешением 3840x2160 пикселей обеспечивает своему владельцу безупречно четкое изображение. Сопровождается оно объемным звучанием мощностью 30 Вт. При этом телевизору под силу объединить семью или компанию друзей за просмотром модного сериала или фильма. Благодаря поддержке Smart TV и наличию операционной системы Google TV владельцу доступен любой контент из интернета. Опция воспроизведения с внешних накопителей типа USB означает, что вы сможете смотреть собственные видео с флеш-накопителей. Подключив к телевизору LED TCL 75P725G мышь и клавиатуру, вы получите огромный игровой монитор. Благодаря родительскому контролю вы сможете регулировать время, которое дети проводят за экраном.",
      "price": "1679.95",
      "count": 10,
      "category": 13,
      "date": "2023-04-25T15:03:57.191Z",
      "freeDelivery": false,
      "rating": "0.0",
      "available": true,
      "isLimited": false,
      "tags": [
        10
      ]
    }
  },
  {
    "model": "app_products.product",
    "pk": 15,
    "fields": {
      "title": "Ноутбук игровой ASUS ProArt Studiobook Pro 16 W7600H3A-KV036W",
      "fullDescription": "Этот ноутбук создан для тех, кто хочет получить хорошее производительное компьютерное устройство с наиболее востребованным функционалом. Данная модель полностью удовлетворяет данные требования. Надежный накопитель предоставляет вам возможности для долговременного хранения необходимой виртуальной информации. Устройство оборудовано веб-камерой и микрофоном, благодаря которым вы сможете организовывать видеоконференции с партнерами по бизнесу и коллегами по работе.",
      "price": "3188.23",
      "count": 10,
      "category": 17,
      "date": "2023-04-25T15:07:19.770Z",
      "freeDelivery": false,
      "rating": "0.0",
      "available": true,
      "isLimited": false,
      "tags": [
        11
      ]
    }
  },
  {
    "model": "app_products.product",
    "pk": 16,
    "fields": {
      "title": "Ноутбук игровой ASUS ROG Zephyrus M16 GU603ZM-K8078W",
      "fullDescription": "Расширяйте свои творческие и игровые горизонты с помощью быстрого и ультратонкого ноутбука Asus ROG Zephyrus M16 GU603ZM-K8057. Он обладает мощной конфигурацией, которая включает в себя процессор Intel Core i7-12700H и видеокарту NVIDIA GeForce RTX 3060. За стабильную работу компонентов отвечает инновационная система охлаждения, в которой в качестве термоинтерфейса центрального процессора применяется жидкий металл. Тонкорамочный QHD-дисплей с отличными скоростными характеристиками (165 Гц / 3 мс) выдает красочное изображение – относительная площадь экрана составляет целых 94%! Великолепную картинку дополняет завораживающий пространственный звук шести встроенных динамиков с поддержкой технологии Dolby Atmos.",
      "price": "3000.49",
      "count": 10,
      "category": 17,
      "date": "2023-04-25T15:09:59.148Z",
      "freeDelivery": false,
      "rating": "0.0",
      "available": true,
      "isLimited": false,
      "tags": [
        11
      ]
    }
  },
  {
    "model": "app_products.product",
    "pk": 17,
    "fields": {
      "title": "Ноутбук игровой ASUS TUF Gaming F15 FX506LHB-HN323",
      "fullDescription": "Этот игровой ноутбук создан для тех, кто хочет получить качественное и производительное компьютерное устройство с наиболее востребованным функционалом. Данная модель полностью удовлетворяет данные требования. Надежный накопитель предоставляет вам возможности для долговременного хранения необходимой виртуальной информации. Устройство оборудовано веб-камерой и микрофоном, благодаря которым вы сможете организовывать видеоконференции с партнерами по играм и коллегами по работе.",
      "price": "922.01",
      "count": 1,
      "category": 17,
      "date": "2023-04-25T15:12:09.478Z",
      "freeDelivery": false,
      "rating": "0.0",
      "available": true,
      "isLimited": false,
      "tags": [
        11
      ]
    }
  },
  {
    "model": "app_products.product",
    "pk": 18,
    "fields": {
      "title": "Ноутбук игровой DELL G15 5511",
      "fullDescription": "Ноутбук Dell G15 оснащён 15,6-дюймовым дисплеем с разрешением 1920 х 1080 и частотой обновления 120 Гц. Матрица с широким углом обзора отображает 45% цветов из палитры NTSC. Мощный процессор Intel Core i5 и видеокарта NVIDIA GeForce RTX 3050 с 4 ГБ видеопамяти позволят запустить любые графические программы и игры.",
      "price": "980.99",
      "count": 10,
      "category": 16,
      "date": "2023-04-25T15:15:05.154Z",
      "freeDelivery": false,
      "rating": "0.0",
      "available": true,
      "isLimited": false,
      "tags": [
        12
      ]
    }
  },
  {
    "model": "app_products.product",
    "pk": 19,
    "fields": {
      "title": "Ноутбук игровой Lenovo Legion 7 16ITHg6",
      "fullDescription": "В алюминиевом корпусе цвета «штормовой серый» скрывается настоящий монстр – наш новый флагманский игровой ноутбук Legion 7i Gen 6 (16). Процессоры Intel® Core™ 11-го поколения и видеокарта NVIDIA® GeForce RTX™ 3080 для ноутбуков мощностью 165 Вт в максимальной комплектации позволят вам на профессиональном уровне играть и транслировать игры премиум-класса. 16-дюймовый игровой дисплей стандарта WQXGA позволит вам видеть всю карту, а с аудиосистемой объемного звучания Nahimic вы услышите противника раньше, чем он вас. Высочайшая производительность для игр и творчества\r\nОцените высочайшую производительность новейших видеокарт NVIDIA® GeForce RTX™ 30-й серии для ноутбуков, идеально подходящих для игр и творчества. Легкий и тонкий ноутбук оснащен ядрами для трассировки лучей, тензорными ядрами и потоковыми мультипроцессорами — всем необходимым для обеспечения потрясающей реалистичности изображения, поддержки самых передовых возможностей и использования технологий искусственного интеллекта.",
      "price": "3041.08",
      "count": 9,
      "category": 15,
      "date": "2023-04-25T15:17:31.303Z",
      "freeDelivery": true,
      "rating": "0.0",
      "available": true,
      "isLimited": false,
      "tags": [
        13
      ]
    }
  },
  {
    "model": "app_products.product",
    "pk": 20,
    "fields": {
      "title": "Ноутбук игровой MSI CreatorPro M16 A12UJS-690RU",
      "fullDescription": "Ноутбук MSI CreatorPro M16 A12UJS-690RU создан для продуктивной работы в профессиональных программах для дизайна, редактирования фото и видео, рендеринга. Мобильная рабочая станция выполнена в прочном алюминиевом корпусе. Внутренняя начинка с процессором Intel Core i7, видеокартой RTX A2000, 32 ГБ памяти ОЗУ и накопителем SSD 1000 ГБ гарантирует быстродействие даже в многозадачном режиме.\r\nЭкран 16 дюймов True Pixel QHD IPS отображает четкую и красочную картинку. Заводская калибровка и цветовой охват DCI-P3 100% позволяют погрузиться в яркие натуральные оттенки. Клавиатура с белой светодиодной подсветкой помогает максимально удобно работать при разных условиях освещенности. Среди особенностей MSI CreatorPro M16 – интерфейсы Wi-Fi и Bluetooth, веб-камера HD, длительная автономность.",
      "price": "2452.48",
      "count": 10,
      "category": 14,
      "date": "2023-04-25T15:20:52.392Z",
      "freeDelivery": false,
      "rating": "0.0",
      "available": true,
      "isLimited": false,
      "tags": [
        14
      ]
    }
  },
  {
    "model": "app_products.product",
    "pk": 21,
    "fields": {
      "title": "Ноутбук игровой MSI Titan GT77 12UHS-208RU",
      "fullDescription": "Экстремальная производительность, инновационные технологии и роскошный дизайн – ноутбук Titan GT77 представляет собой вершину игровых технологий. В его высокопроизводительную конфигурацию входит процессор Intel Core i9-12900HX 12-го поколения и видеокарта NVIDIA GeForce RTX 3080Ti, а в его стильном облике яркой деталью выступает иллюминация Mystic Light. Ноутбук Titan GT77 – возрождение легенды!",
      "price": "4353.16",
      "count": 10,
      "category": 14,
      "date": "2023-04-25T15:24:05.709Z",
      "freeDelivery": false,
      "rating": "2.0",
      "available": true,
      "isLimited": false,
      "tags": [
        14
      ]
    }
  },
  {
    "model": "app_products.product",
    "pk": 22,
    "fields": {
      "title": "Квадрокоптер PowerVision PowerEgg X Wizard",
      "fullDescription": "Квадрокоптер PowerVision PowerEgg X Wizard - это производительный беспилотный летательный аппарат, оснащённый камерой 4K Ultra HD и предназначенный для качественной видеосъёмки в воздухе, а также на земле и на воде. Модель обладает герметичной конструкцией со специальным шасси, которая позволяют садиться на водную поверхность и выполнять полёты в дождливую погоду. Дрон может эксплуатироваться в прибрежных зонах при ветровых нагрузках со скоростью до 38 км/ч.\r\n\r\nДрон PowerVision PowerEgg X Wizard снабжён 3-осевым механическим подвесом и системой интеллектуального возвращения. Аппарат оснащён бинокулярными сенсорами глубины с возможностью определения дальности до объектов на дистанции до 20 м. Поддерживается трансляция видеоизображений Full HD в реальном времени на удалении до 6 км.\r\n\r\nКорпус дрона можно использовать в качестве полноценной AI-камеры, закрепляемой на руке или штативе. Камера может управляться с помощью жестов, имеет встроенный функционал распознавания лиц, фиксации и слежения за объектом.",
      "price": "1441.85",
      "count": 9,
      "category": 21,
      "date": "2023-04-25T15:26:55.074Z",
      "freeDelivery": false,
      "rating": "0.0",
      "available": true,
      "isLimited": false,
      "tags": [
        15
      ]
    }
  },
  {
    "model": "app_products.product",
    "pk": 23,
    "fields": {
      "title": "Квадрокоптер Fimi X8SE 2022 V2",
      "fullDescription": "Квадрокоптер Fimi X8SE 2022 V2 представляет собой небольшое, но мощное и маневренное устройство для полетов. Это модель любительского уровня, которая привлечет внимание и более опытных пользователей и начинающих пользователей. К отличительным особенностям модели можно отнести наличие камеры на 48 МП с сенсором 1/2\" CMOS, который поддерживает съемку видео в высоком разрешении 4К. Камера оснащена цифровым зумом, увеличивающим в 3 раза. Вы сможете внимательно рассмотреть даже мелкие детали на видео и приблизить их.\r\n\r\nВ квадрокоптере установлен емкий аккумулятор на 4500 мАч, который обеспечивает долгое время полета в течение 35 минут. На зарядку аккумулятору требуется всего 2 часа. Квадрокоптер способен разогнаться до скорости в 64 км/час. Устройство принимает сигнал с пульта управления на расстоянии до 10 км. Сигнал передается на частоте 2.4 ГГц.\r\n\r\nДрон рассчитан на полет на улице и является всепогодным летающим устройством. Устройство отличается высоким качеством сборки, отличной маневренностью и управляемостью. В комплектацию к дрону входит пульт дистанционного управления и все необходимое для полета и его обслуживания.",
      "price": "704.41",
      "count": 10,
      "category": 20,
      "date": "2023-04-25T15:29:19.623Z",
      "freeDelivery": false,
      "rating": "0.0",
      "available": true,
      "isLimited": false,
      "tags": [
        15
      ]
    }
  },
  {
    "model": "app_products.product",
    "pk": 24,
    "fields": {
      "title": "Квадрокоптер DJI Mini 3 Fly More Combo (DJI RC)",
      "fullDescription": "Квадрокоптер DJI Mini 3 Fly More Combo (DJI RC) представляет собой небольшой, маневренный и удобный в управлении дрон для организации фото и видеосъемки с воздуха. Эта модель станет прекрасным решением для начинающих благодаря простому управлению и широким возможностям проведения фотосъемки. Вес дрона чуть меньше 249 г, что делает его простым для транспортировки и хранения.\r\n\r\nКвадрокоптер оснащен камерой на 48 МП, которая способна снимать видео в формате 4K HDR. Высокочувствительный сенсор камеры и двойное встроенное ISO поддерживают качественную съемку в любое время суток. Снимайте днем, в пасмурные дни, на рассвете и даже ночью. Благодаря режиму вертикальной съемки вы сможете создавать видео для социальных сетей.\r\n\r\nДрон оснащен мощным аккумулятором и способен летать в течение 38 минут. С помощью дополнительной батареи время полета может быть увеличено до 51 минуты. Данные с дрона на пульт управления передаются на расстояние до 10 км. Вы сможете отправлять квадрокоптер в полет на большие расстояния и получать еще больше интересных кадров с разных мест. Устройство выдерживает ветер со скоростью до 38 км/ч, поэтому его можно запускать не только в безветренную погоду.",
      "price": "1100.65",
      "count": 10,
      "category": 18,
      "date": "2023-04-25T15:31:54.002Z",
      "freeDelivery": true,
      "rating": "0.0",
      "available": true,
      "isLimited": false,
      "tags": [
        15
      ]
    }
  },
  {
    "model": "app_products.product",
    "pk": 25,
    "fields": {
      "title": "Квадрокоптер DJI Mini 2",
      "fullDescription": "Квадрокоптер DJI Mini 2 SE – небольшой, легкий и маневренный дрон любительского класса со множеством полезных функций. Устройство отличается простым и точным управлением. Дрон оснащен системой видеопередачи по технологии DJI O2, которая поддерживает передачу данных до 10 км. В оснащение квадрокоптера входит также мощная камера на 12 МП с возможностью проведения съемки в формате 4К с разрешением 3840×2160. Камера с высокоточным сенсором 1/2.3 CMOS оснащена трехосевым подвесом. Цифровой зум увеличивает в 4 раза, чтобы вы могли максимально приблизить в кадре снимаемые с воздуха объекты.\r\n\r\nУ квадрокоптера DJI Mini 2 SE сверхлегкая, но достаточно прочная конструкция весом всего 249 грамм. За счет емкого аккумулятора дрон может летать на одном заряде до 31 минуты. Устройство отличается хорошей маневренностью и безопасным управлением. Управление ведется с помощью пульта DJI RC-N1, который входит в комплектацию. Дрон поддерживает полет в нескольких автоматических режимах – полет во время съемки, полет по кругу, по спирали или в режиме бумеранга. Сопротивление ветру достигает 5 единиц по шкале Бофорта, то есть дрон можно запускать при ветре до 10.7 м/с.",
      "price": "572.34",
      "count": 10,
      "category": 18,
      "date": "2023-04-25T15:34:18.457Z",
      "freeDelivery": false,
      "rating": "0.0",
      "available": true,
      "isLimited": false,
      "tags": [
        15
      ]
    }
  },
  {
    "model": "app_products.product",
    "pk": 26,
    "fields": {
      "title": "Квадрокоптер DJI Mavic Air 2",
      "fullDescription": "Квадрокоптер DJI Mavic Air 2 – компактный складной беспилотник, пришедший на замену популярной модели Mavic Air. Модель не просто сохранила все свои преимущества, но и получила ряд усовершенствований и обновлений. На первом месте в списке новая камера с 1/2-дюймовой матрицей, изготовленной по технологии Quad Bayer с адаптивной настройкой разрешения под уровень освещения и режим съемки, благодаря чему возможна съемка видео в качестве 12MP(4К@60 fps), фото до 48MP с расширенным динамическим диапазоном на темных и ярких участках. Передовые технологии обработки позволяют получать более детализированное изображение с насыщенными и точными цветовыми оттенками.\r\n\r\nСочетание продвинутой камеры со смарт-режимами Прожектор 2.0 / ActiveTrack 3.0 / Точка интереса 3.0 дает огромный потенциал для съемки контента кинематографического качества, не имея никаких профессиональных навыков и не используя дорогостоящее оборудование. Нужно только выбрать нужный объект, настроить режим съемки, а все остальное сделает система безопасности APAS 3.0, обеспечивающая плавное отслеживание и преодоление преград в самых сложных условий.\r\n\r\nПередовая технология передачи данных OcuSync гарантирует по сравнению Wi-Fi повышенную дальность действия при помощи обновлённого контроллера. При этом видеотрансляция с борта дрона DJI Mavic Air 2 может производится в разрешении FHD 1080р с небольшими задержками для комфортного управления от первого лица.",
      "price": "1201.91",
      "count": 9,
      "category": 18,
      "date": "2023-04-25T15:36:33.176Z",
      "freeDelivery": false,
      "rating": "5.0",
      "available": true,
      "isLimited": false,
      "tags": [
        15
      ]
    }
  },
  {
    "model": "app_products.product",
    "pk": 27,
    "fields": {
      "title": "Квадрокоптер AUTEL EVO Nano+ Standard Package MDA2",
      "fullDescription": "Квадрокоптер Autel Robotics Evo Nano  – высокотехнологичное устройство компактных размеров для организации съемок с воздуха. Модель имеет дружелюбный интерфейс, систему облета препятствий и мощную камеру на 48 МП. Дальность полета составляет 10 км. Квадрокоптер удобно брать с собой в любую поездку, так как он занимает минимум места и совсем немного весит.\r\n\r\nУстройство оснащено продвинутой системой распознавания препятствий с помощью датчиков бинокулярного зрения, действующих в трех направлениях. Модель проста в управлении, легко тормозит и передает данные на пульт управления в режиме реального времени, чтобы вы могли виртуозно ей управлять и выбирать наиболее удачные ракурсы для съемки.\r\n\r\nУ квадрокоптера Autel Robotics Evo Nano  мощная камера с CMOS-матрицей на 1/2 дюймов, которая снимает фото с разрешением 48 МП и видео с разрешением 4К и скоростью 30 кадров в секунду. Плавность видеосъемки обеспечивает также встроенный стабилизатор. Вы получаете видеоматериалы отличного качества с превосходной цветопередачей и детализацией, даже если съемка велась в условиях низкой освещенности.",
      "price": "880.52",
      "count": 10,
      "category": 19,
      "date": "2023-04-25T15:40:30.870Z",
      "freeDelivery": false,
      "rating": "0.0",
      "available": true,
      "isLimited": false,
      "tags": [
        15
      ]
    }
  },
  {
    "model": "app_products.product",
    "pk": 28,
    "fields": {
      "title": "Водонепроницаемый квадрокоптер SwellPro Spry+ Sports",
      "fullDescription": "Водонепроницаемый квадрокоптер SwellPro Spry+ Sports – это компактный, простой в управлении, но при этом функциональный беспилотник, который поможет запечатлеть спортивные состязания или моменты активного отдыха на воде. Высокая степень влагозащиты делает этот дрон неуязвимимым: он взмывает ввысь, а затем приземляется на водную гладь, заныривает на небольшую глубину и при этом не прекращает вести съемку видео.\r\n\r\nSwellPro Spry+ управляется с помощью водонепроницаемого пульта с полноцветным 4.3-дюймовым экраном. На него выводится картинка с 4K камеры беспилотника с CMOS-сенсором от Sony. В числе прочих особенностей модели – встроенный модуль Wi-Fi 2.4 ГГц, а также GPS-преемник, открывающий доступ к нескольким преднастроенным режимам слежения.\r\n\r\nЗа продолжительный полет водонепроницаемого квадрокоптера SwellPro Spry+ Sports отвечает встроенный литий-ионный аккумулятор емкостью 3600mAh (это приблизительно 17 минут полета на одном заряде), а за скорость до 65 км/ч – мощные бесщеточные двигатели.",
      "price": "1025.80",
      "count": 10,
      "category": 22,
      "date": "2023-04-25T15:42:34.164Z",
      "freeDelivery": false,
      "rating": "0.0",
      "available": true,
      "isLimited": false,
      "tags": [
        15
      ]
    }
  },
  {
    "model": "app_products.productimage",
    "pk": 1,
    "fields": {
      "product": 1,
      "image": "products/product_1/images/1862619_v01_b.jpg"
    }
  },
  {
    "model": "app_products.productimage",
    "pk": 2,
    "fields": {
      "product": 1,
      "image": "products/product_1/images/1862619_v02_b.jpg"
    }
  },
  {
    "model": "app_products.productimage",
    "pk": 3,
    "fields": {
      "product": 1,
      "image": "products/product_1/images/1862619_v04_b.jpg"
    }
  },
  {
    "model": "app_products.productimage",
    "pk": 4,
    "fields": {
      "product": 2,
      "image": "products/product_2/images/1863801_v01_b.jpg"
    }
  },
  {
    "model": "app_products.productimage",
    "pk": 5,
    "fields": {
      "product": 2,
      "image": "products/product_2/images/1863801_v02_b.jpg"
    }
  },
  {
    "model": "app_products.productimage",
    "pk": 6,
    "fields": {
      "product": 2,
      "image": "products/product_2/images/1863801_v04_b.jpg"
    }
  },
  {
    "model": "app_products.productimage",
    "pk": 7,
    "fields": {
      "product": 3,
      "image": "products/product_3/images/1892198_v01_b.jpg"
    }
  },
  {
    "model": "app_products.productimage",
    "pk": 8,
    "fields": {
      "product": 3,
      "image": "products/product_3/images/1892198_v02_b.jpg"
    }
  },
  {
    "model": "app_products.productimage",
    "pk": 9,
    "fields": {
      "product": 3,
      "image": "products/product_3/images/1892198_v03_b.jpg"
    }
  },
  {
    "model": "app_products.productimage",
    "pk": 10,
    "fields": {
      "product": 4,
      "image": "products/product_4/images/1900627_v01_b.jpg"
    }
  },
  {
    "model": "app_products.productimage",
    "pk": 11,
    "fields": {
      "product": 4,
      "image": "products/product_4/images/1900627_v02_b.jpg"
    }
  },
  {
    "model": "app_products.productimage",
    "pk": 12,
    "fields": {
      "product": 4,
      "image": "products/product_4/images/1900627_v03_b.jpg"
    }
  },
  {
    "model": "app_products.productimage",
    "pk": 13,
    "fields": {
      "product": 5,
      "image": "products/product_5/images/1860943_v01_b.jpg"
    }
  },
  {
    "model": "app_products.productimage",
    "pk": 14,
    "fields": {
      "product": 5,
      "image": "products/product_5/images/1860943_v02_b.jpg"
    }
  },
  {
    "model": "app_products.productimage",
    "pk": 15,
    "fields": {
      "product": 5,
      "image": "products/product_5/images/1860943_v03_b.jpg"
    }
  },
  {
    "model": "app_products.productimage",
    "pk": 16,
    "fields": {
      "product": 6,
      "image": "products/product_6/images/1863738_v01_b.jpg"
    }
  },
  {
    "model": "app_products.productimage",
    "pk": 17,
    "fields": {
      "product": 6,
      "image": "products/product_6/images/1863738_v02_b.jpg"
    }
  },
  {
    "model": "app_products.productimage",
    "pk": 18,
    "fields": {
      "product": 6,
      "image": "products/product_6/images/1863738_v03_b.jpg"
    }
  },
  {
    "model": "app_products.productimage",
    "pk": 19,
    "fields": {
      "product": 7,
      "image": "products/product_7/images/1740226_v01_b.jpg"
    }
  },
  {
    "model": "app_products.productimage",
    "pk": 20,
    "fields": {
      "product": 7,
      "image": "products/product_7/images/1740226_v02_b.jpg"
    }
  },
  {
    "model": "app_products.productimage",
    "pk": 21,
    "fields": {
      "product": 7,
      "image": "products/product_7/images/1740226_v03_b.jpg"
    }
  },
  {
    "model": "app_products.productimage",
    "pk": 22,
    "fields": {
      "product": 8,
      "image": "products/product_8/images/1859402_v01_b.jpg"
    }
  },
  {
    "model": "app_products.productimage",
    "pk": 23,
    "fields": {
      "product": 8,
      "image": "products/product_8/images/1859402_v02_b.jpg"
    }
  },
  {
    "model": "app_products.productimage",
    "pk": 24,
    "fields": {
      "product": 8,
      "image": "products/product_8/images/1859402_v03_b.jpg"
    }
  },
  {
    "model": "app_products.productimage",
    "pk": 25,
    "fields": {
      "product": 9,
      "image": "products/product_9/images/1893159_v01_b.jpg"
    }
  },
  {
    "model": "app_products.productimage",
    "pk": 26,
    "fields": {
      "product": 9,
      "image": "products/product_9/images/1893159_v02_b.jpg"
    }
  },
  {
    "model": "app_products.productimage",
    "pk": 27,
    "fields": {
      "product": 9,
      "image": "products/product_9/images/1893159_v04_b.jpg"
    }
  },
  {
    "model": "app_products.productimage",
    "pk": 28,
    "fields": {
      "product": 10,
      "image": "products/product_10/images/1869797_v01_b.jpg"
    }
  },
  {
    "model": "app_products.productimage",
    "pk": 29,
    "fields": {
      "product": 10,
      "image": "products/product_10/images/1869797_v02_b.jpg"
    }
  },
  {
    "model": "app_products.productimage",
    "pk": 30,
    "fields": {
      "product": 10,
      "image": "products/product_10/images/1869797_v03_b.jpg"
    }
  },
  {
    "model": "app_products.productimage",
    "pk": 31,
    "fields": {
      "product": 11,
      "image": "products/product_11/images/1790292_v01_b.jpg"
    }
  },
  {
    "model": "app_products.productimage",
    "pk": 32,
    "fields": {
      "product": 11,
      "image": "products/product_11/images/1790292_v03_b.jpg"
    }
  },
  {
    "model": "app_products.productimage",
    "pk": 33,
    "fields": {
      "product": 11,
      "image": "products/product_11/images/1790292_v09_b.jpg"
    }
  },
  {
    "model": "app_products.productimage",
    "pk": 34,
    "fields": {
      "product": 12,
      "image": "products/product_12/images/1877560_v01_b.jpg"
    }
  },
  {
    "model": "app_products.productimage",
    "pk": 35,
    "fields": {
      "product": 12,
      "image": "products/product_12/images/1877560_v02_b.jpg"
    }
  },
  {
    "model": "app_products.productimage",
    "pk": 36,
    "fields": {
      "product": 12,
      "image": "products/product_12/images/1877560_v07_b.jpg"
    }
  },
  {
    "model": "app_products.productimage",
    "pk": 37,
    "fields": {
      "product": 13,
      "image": "products/product_13/images/1892472_v01_b.jpg"
    }
  },
  {
    "model": "app_products.productimage",
    "pk": 38,
    "fields": {
      "product": 13,
      "image": "products/product_13/images/1892472_v02_b.jpg"
    }
  },
  {
    "model": "app_products.productimage",
    "pk": 39,
    "fields": {
      "product": 13,
      "image": "products/product_13/images/1892472_v03_b.jpg"
    }
  },
  {
    "model": "app_products.productimage",
    "pk": 40,
    "fields": {
      "product": 14,
      "image": "products/product_14/images/1476582_v01_b.jpg"
    }
  },
  {
    "model": "app_products.productimage",
    "pk": 41,
    "fields": {
      "product": 14,
      "image": "products/product_14/images/1476582_v02_b.jpg"
    }
  },
  {
    "model": "app_products.productimage",
    "pk": 42,
    "fields": {
      "product": 14,
      "image": "products/product_14/images/1476582_v04_b.jpg"
    }
  },
  {
    "model": "app_products.productimage",
    "pk": 43,
    "fields": {
      "product": 15,
      "image": "products/product_15/images/1583804_v01_b.jpg"
    }
  },
  {
    "model": "app_products.productimage",
    "pk": 44,
    "fields": {
      "product": 15,
      "image": "products/product_15/images/1583804_v04_b.jpg"
    }
  },
  {
    "model": "app_products.productimage",
    "pk": 45,
    "fields": {
      "product": 15,
      "image": "products/product_15/images/1583804_v07_b.jpg"
    }
  },
  {
    "model": "app_products.productimage",
    "pk": 46,
    "fields": {
      "product": 16,
      "image": "products/product_16/images/1901716_v01_b.jpg"
    }
  },
  {
    "model": "app_products.productimage",
    "pk": 47,
    "fields": {
      "product": 16,
      "image": "products/product_16/images/1901716_v04_b.jpg"
    }
  },
  {
    "model": "app_products.productimage",
    "pk": 48,
    "fields": {
      "product": 16,
      "image": "products/product_16/images/1901716_v07_b.jpg"
    }
  },
  {
    "model": "app_products.productimage",
    "pk": 49,
    "fields": {
      "product": 17,
      "image": "products/product_17/images/1837963_v01_b.jpg"
    }
  },
  {
    "model": "app_products.productimage",
    "pk": 50,
    "fields": {
      "product": 17,
      "image": "products/product_17/images/1837963_v03_b.jpg"
    }
  },
  {
    "model": "app_products.productimage",
    "pk": 51,
    "fields": {
      "product": 17,
      "image": "products/product_17/images/1837963_v06_b.jpg"
    }
  },
  {
    "model": "app_products.productimage",
    "pk": 52,
    "fields": {
      "product": 18,
      "image": "products/product_18/images/1643782_v01_b.jpg"
    }
  },
  {
    "model": "app_products.productimage",
    "pk": 53,
    "fields": {
      "product": 18,
      "image": "products/product_18/images/1643782_v03_b.jpg"
    }
  },
  {
    "model": "app_products.productimage",
    "pk": 54,
    "fields": {
      "product": 18,
      "image": "products/product_18/images/1643782_v06_b.jpg"
    }
  },
  {
    "model": "app_products.productimage",
    "pk": 55,
    "fields": {
      "product": 19,
      "image": "products/product_19/images/1490156_v01_b.jpg"
    }
  },
  {
    "model": "app_products.productimage",
    "pk": 56,
    "fields": {
      "product": 19,
      "image": "products/product_19/images/1490156_v03_b.jpg"
    }
  },
  {
    "model": "app_products.productimage",
    "pk": 57,
    "fields": {
      "product": 19,
      "image": "products/product_19/images/1490156_v06_b.jpg"
    }
  },
  {
    "model": "app_products.productimage",
    "pk": 58,
    "fields": {
      "product": 20,
      "image": "products/product_20/images/1835998_v01_b.jpg"
    }
  },
  {
    "model": "app_products.productimage",
    "pk": 59,
    "fields": {
      "product": 20,
      "image": "products/product_20/images/1835998_v03_b.jpg"
    }
  },
  {
    "model": "app_products.productimage",
    "pk": 60,
    "fields": {
      "product": 20,
      "image": "products/product_20/images/1835998_v04_b.jpg"
    }
  },
  {
    "model": "app_products.productimage",
    "pk": 61,
    "fields": {
      "product": 21,
      "image": "products/product_21/images/1833288_v01_b.jpg"
    }
  },
  {
    "model": "app_products.productimage",
    "pk": 62,
    "fields": {
      "product": 21,
      "image": "products/product_21/images/1833288_v03_b.jpg"
    }
  },
  {
    "model": "app_products.productimage",
    "pk": 63,
    "fields": {
      "product": 21,
      "image": "products/product_21/images/1833288_v05_b.jpg"
    }
  },
  {
    "model": "app_products.productimage",
    "pk": 64,
    "fields": {
      "product": 22,
      "image": "products/product_22/images/61UBI6sxmkL._AC_SL1500.jpg"
    }
  },
  {
    "model": "app_products.productimage",
    "pk": 65,
    "fields": {
      "product": 22,
      "image": "products/product_22/images/61_LWjKTyOL._AC_SL1500.jpg"
    }
  },
  {
    "model": "app_products.productimage",
    "pk": 66,
    "fields": {
      "product": 22,
      "image": "products/product_22/images/PowerEgg_X_Ai_cam.jpg"
    }
  },
  {
    "model": "app_products.productimage",
    "pk": 67,
    "fields": {
      "product": 23,
      "image": "products/product_23/images/fimi_x8se_2022_2.jpg"
    }
  },
  {
    "model": "app_products.productimage",
    "pk": 68,
    "fields": {
      "product": 23,
      "image": "products/product_23/images/c1ba5115b06452fcb77c3866e1e1d046.jpg"
    }
  },
  {
    "model": "app_products.productimage",
    "pk": 69,
    "fields": {
      "product": 23,
      "image": "products/product_23/images/6247629412.jpg"
    }
  },
  {
    "model": "app_products.productimage",
    "pk": 70,
    "fields": {
      "product": 24,
      "image": "products/product_24/images/6_PhotoRoom.png_PhotoRoom.jpg"
    }
  },
  {
    "model": "app_products.productimage",
    "pk": 71,
    "fields": {
      "product": 24,
      "image": "products/product_24/images/DJI_mini_3_00_jpg.jpg"
    }
  },
  {
    "model": "app_products.productimage",
    "pk": 72,
    "fields": {
      "product": 24,
      "image": "products/product_24/images/DJI_Mini_3_Fly_More_Combo_DJI_RC.jpg"
    }
  },
  {
    "model": "app_products.productimage",
    "pk": 73,
    "fields": {
      "product": 25,
      "image": "products/product_25/images/DJI_Mini_2_1604055615_0_0_large.jpg"
    }
  },
  {
    "model": "app_products.productimage",
    "pk": 74,
    "fields": {
      "product": 25,
      "image": "products/product_25/images/435b135af4bca79231257de063b8831e.jpg"
    }
  },
  {
    "model": "app_products.productimage",
    "pk": 75,
    "fields": {
      "product": 25,
      "image": "products/product_25/images/68c19dae86e7d396e5977c6d72d47124.jpg"
    }
  },
  {
    "model": "app_products.productimage",
    "pk": 76,
    "fields": {
      "product": 26,
      "image": "products/product_26/images/f59c19046c2e579b4f4fcf21070b5a71.jpg"
    }
  },
  {
    "model": "app_products.productimage",
    "pk": 77,
    "fields": {
      "product": 26,
      "image": "products/product_26/images/dd9a7620c7eaebf95eeae437b3a0631f.jpg"
    }
  },
  {
    "model": "app_products.productimage",
    "pk": 78,
    "fields": {
      "product": 26,
      "image": "products/product_26/images/9f9c2ed05db0f72b95f34f3bd5b55f05.jpg"
    }
  },
  {
    "model": "app_products.productimage",
    "pk": 79,
    "fields": {
      "product": 27,
      "image": "products/product_27/images/1800765_v03_b.jpg"
    }
  },
  {
    "model": "app_products.productimage",
    "pk": 80,
    "fields": {
      "product": 27,
      "image": "products/product_27/images/1800765_v02_b.jpg"
    }
  },
  {
    "model": "app_products.productimage",
    "pk": 81,
    "fields": {
      "product": 27,
      "image": "products/product_27/images/1800765_v01_b.jpg"
    }
  },
  {
    "model": "app_products.productimage",
    "pk": 82,
    "fields": {
      "product": 28,
      "image": "products/product_28/images/1572373178_1503218.jpg"
    }
  },
  {
    "model": "app_products.productimage",
    "pk": 83,
    "fields": {
      "product": 28,
      "image": "products/product_28/images/1572372159_IMG_1268475.jpg"
    }
  },
  {
    "model": "app_products.productimage",
    "pk": 84,
    "fields": {
      "product": 28,
      "image": "products/product_28/images/1572372976_IMG_1268480.jpg"
    }
  },
  {
    "model": "app_products.producttag",
    "pk": 1,
    "fields": {
      "name": "iPhone",
      "available": true
    }
  },
  {
    "model": "app_products.producttag",
    "pk": 3,
    "fields": {
      "name": "Huawei",
      "available": true
    }
  },
  {
    "model": "app_products.producttag",
    "pk": 4,
    "fields": {
      "name": "SP Samsung",
      "available": true
    }
  },
  {
    "model": "app_products.producttag",
    "pk": 5,
    "fields": {
      "name": "Xiaomi",
      "available": true
    }
  },
  {
    "model": "app_products.producttag",
    "pk": 6,
    "fields": {
      "name": "Hisense",
      "available": true
    }
  },
  {
    "model": "app_products.producttag",
    "pk": 7,
    "fields": {
      "name": "LG",
      "available": true
    }
  },
  {
    "model": "app_products.producttag",
    "pk": 8,
    "fields": {
      "name": "TV Samsung",
      "available": true
    }
  },
  {
    "model": "app_products.producttag",
    "pk": 9,
    "fields": {
      "name": "SONY",
      "available": true
    }
  },
  {
    "model": "app_products.producttag",
    "pk": 10,
    "fields": {
      "name": "TCL",
      "available": true
    }
  },
  {
    "model": "app_products.producttag",
    "pk": 11,
    "fields": {
      "name": "ASUS",
      "available": true
    }
  },
  {
    "model": "app_products.producttag",
    "pk": 12,
    "fields": {
      "name": "DELL",
      "available": true
    }
  },
  {
    "model": "app_products.producttag",
    "pk": 13,
    "fields": {
      "name": "Lenovo",
      "available": true
    }
  },
  {
    "model": "app_products.producttag",
    "pk": 14,
    "fields": {
      "name": "MSI",
      "available": true
    }
  },
  {
    "model": "app_products.producttag",
    "pk": 15,
    "fields": {
      "name": "drone",
      "available": true
    }
  },
  {
    "model": "app_products.saleitem",
    "pk": 1,
    "fields": {
      "product": 21,
      "salePrice": "2990.00",
      "dateFrom": "2023-04-01",
      "dateTo": "2023-05-31",
      "available": true
    }
  },
  {
    "model": "app_products.saleitem",
    "pk": 2,
    "fields": {
      "product": 12,
      "salePrice": "4990.00",
      "dateFrom": "2023-04-01",
      "dateTo": "2023-05-31",
      "available": true
    }
  },
  {
    "model": "app_products.saleitem",
    "pk": 3,
    "fields": {
      "product": 22,
      "salePrice": "1299.00",
      "dateFrom": "2023-04-01",
      "dateTo": "2023-05-31",
      "available": true
    }
  },
  {
    "model": "app_products.saleitemimage",
    "pk": 1,
    "fields": {
      "saleItem": 1,
      "image": "sale_items/sale_item_1/images/SALE_8a39ff8a6b9c4355b296f93fc26_iIMQiWx.jpg"
    }
  },
  {
    "model": "app_products.saleitemimage",
    "pk": 2,
    "fields": {
      "saleItem": 2,
      "image": "sale_items/sale_item_2/images/sale_535x520_54047_YMVrIHS.jpg"
    }
  },
  {
    "model": "app_products.saleitemimage",
    "pk": 3,
    "fields": {
      "saleItem": 3,
      "image": "sale_items/sale_item_3/images/55171810-gold-sale-background-fo.jpg"
    }
  },
  {
    "model": "app_products.specification",
    "pk": 1,
    "fields": {
      "product": 1,
      "name": "Экран",
      "value": "OLED Super Retina XDR, 6.1 (2532x1170)",
      "available": true
    }
  },
  {
    "model": "app_products.specification",
    "pk": 2,
    "fields": {
      "product": 1,
      "name": "Процессор",
      "value": "Apple A15 Bionic",
      "available": true
    }
  },
  {
    "model": "app_products.specification",
    "pk": 3,
    "fields": {
      "product": 1,
      "name": "Память",
      "value": "оперативная 6 ГБ, встроенная 128 ГБ,",
      "available": true
    }
  },
  {
    "model": "app_products.specification",
    "pk": 4,
    "fields": {
      "product": 1,
      "name": "Поддержка сетей",
      "value": "2G/3G/4G (LTE)/5G",
      "available": true
    }
  },
  {
    "model": "app_products.specification",
    "pk": 5,
    "fields": {
      "product": 1,
      "name": "Размеры (ШхВхТ)",
      "value": "71.5 х 146.7 х 7.8 мм",
      "available": true
    }
  },
  {
    "model": "app_products.specification",
    "pk": 6,
    "fields": {
      "product": 2,
      "name": "Экран",
      "value": "OLED Super Retina XDR, 6.1 (2532x1170)",
      "available": true
    }
  },
  {
    "model": "app_products.specification",
    "pk": 7,
    "fields": {
      "product": 2,
      "name": "Процессор",
      "value": "Apple A15 Bionic",
      "available": true
    }
  },
  {
    "model": "app_products.specification",
    "pk": 8,
    "fields": {
      "product": 2,
      "name": "Память",
      "value": "оперативная 6 ГБ, встроенная 128 ГБ,",
      "available": true
    }
  },
  {
    "model": "app_products.specification",
    "pk": 9,
    "fields": {
      "product": 2,
      "name": "Поддержка сетей",
      "value": "2G/3G/4G (LTE)/5G",
      "available": true
    }
  },
  {
    "model": "app_products.specification",
    "pk": 10,
    "fields": {
      "product": 2,
      "name": "Размеры (ШхВхТ)",
      "value": "71.5 х 146.7 х 7.8 мм",
      "available": true
    }
  },
  {
    "model": "app_products.specification",
    "pk": 11,
    "fields": {
      "product": 3,
      "name": "Экран",
      "value": "OLED, 6.74 (2616x1212)",
      "available": true
    }
  },
  {
    "model": "app_products.specification",
    "pk": 12,
    "fields": {
      "product": 3,
      "name": "Процессор",
      "value": "Qualcomm Snapdragon 8 Plus Gen 1",
      "available": true
    }
  },
  {
    "model": "app_products.specification",
    "pk": 13,
    "fields": {
      "product": 3,
      "name": "Память",
      "value": "оперативная 8 ГБ, встроенная 256 ГБ",
      "available": true
    }
  },
  {
    "model": "app_products.specification",
    "pk": 14,
    "fields": {
      "product": 3,
      "name": "Поддержка сетей",
      "value": "2G/3G/4G (LTE)",
      "available": true
    }
  },
  {
    "model": "app_products.specification",
    "pk": 15,
    "fields": {
      "product": 3,
      "name": "Размеры (ШхВхТ)",
      "value": "75.5 х 162.1 х 8.5 мм",
      "available": true
    }
  },
  {
    "model": "app_products.specification",
    "pk": 16,
    "fields": {
      "product": 4,
      "name": "Экран",
      "value": "AMOLED Dynamic AMOLED 2X QHD+, 6.8 (3088x1440)",
      "available": true
    }
  },
  {
    "model": "app_products.specification",
    "pk": 17,
    "fields": {
      "product": 4,
      "name": "Процессор",
      "value": "Qualcomm Snapdragon 8 Gen 2",
      "available": true
    }
  },
  {
    "model": "app_products.specification",
    "pk": 18,
    "fields": {
      "product": 4,
      "name": "Память",
      "value": "оперативная 12 ГБ, встроенная 512 ГБ",
      "available": true
    }
  },
  {
    "model": "app_products.specification",
    "pk": 19,
    "fields": {
      "product": 4,
      "name": "Поддержка сетей",
      "value": "2G/3G/4G (LTE)/5G",
      "available": true
    }
  },
  {
    "model": "app_products.specification",
    "pk": 20,
    "fields": {
      "product": 4,
      "name": "Размеры (ШхВхТ)",
      "value": "78.1 х 163.4 х 8.9 мм",
      "available": true
    }
  },
  {
    "model": "app_products.specification",
    "pk": 21,
    "fields": {
      "product": 5,
      "name": "Экран",
      "value": "AMOLED Dynamic AMOLED 2X FHD+, 6.7 (2640x1080)",
      "available": true
    }
  },
  {
    "model": "app_products.specification",
    "pk": 22,
    "fields": {
      "product": 5,
      "name": "Процессор",
      "value": "Qualcomm Snapdragon 8 Plus Gen 1",
      "available": true
    }
  },
  {
    "model": "app_products.specification",
    "pk": 23,
    "fields": {
      "product": 5,
      "name": "Память",
      "value": "оперативная 8 ГБ, встроенная 256 ГБ",
      "available": true
    }
  },
  {
    "model": "app_products.specification",
    "pk": 24,
    "fields": {
      "product": 5,
      "name": "Поддержка сетей",
      "value": "2G/3G/4G (LTE)/5G",
      "available": true
    }
  },
  {
    "model": "app_products.specification",
    "pk": 25,
    "fields": {
      "product": 5,
      "name": "Размеры (ШхВхТ)",
      "value": "71.9 х 165.2 х 6.9 мм",
      "available": true
    }
  },
  {
    "model": "app_products.specification",
    "pk": 26,
    "fields": {
      "product": 6,
      "name": "Экран",
      "value": "AMOLED DotDisplay, 6.67 (2712x1220)",
      "available": true
    }
  },
  {
    "model": "app_products.specification",
    "pk": 27,
    "fields": {
      "product": 6,
      "name": "Процессор",
      "value": "Qualcomm Snapdragon 8 Plus Gen 1",
      "available": true
    }
  },
  {
    "model": "app_products.specification",
    "pk": 28,
    "fields": {
      "product": 6,
      "name": "Память",
      "value": "оперативная 8 ГБ, встроенная 128 ГБ",
      "available": true
    }
  },
  {
    "model": "app_products.specification",
    "pk": 29,
    "fields": {
      "product": 6,
      "name": "Поддержка сетей",
      "value": "2G/3G/4G (LTE)/5G",
      "available": true
    }
  },
  {
    "model": "app_products.specification",
    "pk": 30,
    "fields": {
      "product": 6,
      "name": "Размеры (ШхВхТ)",
      "value": "75.9 х 163.1 х 8.6 мм",
      "available": true
    }
  },
  {
    "model": "app_products.specification",
    "pk": 31,
    "fields": {
      "product": 7,
      "name": "Экран",
      "value": "AMOLED DotDisplay FHD+, 6.67 (2400x1080)",
      "available": true
    }
  },
  {
    "model": "app_products.specification",
    "pk": 32,
    "fields": {
      "product": 7,
      "name": "Процессор",
      "value": "Qualcomm Snapdragon 8 Gen 1",
      "available": true
    }
  },
  {
    "model": "app_products.specification",
    "pk": 33,
    "fields": {
      "product": 7,
      "name": "Память",
      "value": "оперативная 12 ГБ, встроенная 256 ГБ",
      "available": true
    }
  },
  {
    "model": "app_products.specification",
    "pk": 34,
    "fields": {
      "product": 7,
      "name": "Поддержка сетей",
      "value": "2G/3G/4G (LTE)/5G",
      "available": true
    }
  },
  {
    "model": "app_products.specification",
    "pk": 35,
    "fields": {
      "product": 7,
      "name": "Размеры (ШхВхТ)",
      "value": "76.7 х 162.5 х 8.5 мм",
      "available": true
    }
  },
  {
    "model": "app_products.specification",
    "pk": 36,
    "fields": {
      "product": 8,
      "name": "Экран",
      "value": "3840 x 2160, LED, 4K Ultra HD, 100 Гц",
      "available": true
    }
  },
  {
    "model": "app_products.specification",
    "pk": 37,
    "fields": {
      "product": 8,
      "name": "Особенности",
      "value": "SMART TV; HDR",
      "available": true
    }
  },
  {
    "model": "app_products.specification",
    "pk": 38,
    "fields": {
      "product": 8,
      "name": "Мощность акустики",
      "value": "2 x 15 Вт",
      "available": true
    }
  },
  {
    "model": "app_products.specification",
    "pk": 39,
    "fields": {
      "product": 9,
      "name": "Экран",
      "value": "3840 x 2160, Laser, 4K Ultra HD, 60 Гц",
      "available": true
    }
  },
  {
    "model": "app_products.specification",
    "pk": 40,
    "fields": {
      "product": 9,
      "name": "Особенности",
      "value": "SMART TV; HDR",
      "available": true
    }
  },
  {
    "model": "app_products.specification",
    "pk": 41,
    "fields": {
      "product": 9,
      "name": "Мощность акустики",
      "value": "2 x 20 Вт",
      "available": true
    }
  },
  {
    "model": "app_products.specification",
    "pk": 42,
    "fields": {
      "product": 10,
      "name": "Экран",
      "value": "3840 x 2160, LED, 4K Ultra HD, 120 Гц",
      "available": true
    }
  },
  {
    "model": "app_products.specification",
    "pk": 43,
    "fields": {
      "product": 10,
      "name": "Особенности",
      "value": "SMART TV; HDR",
      "available": true
    }
  },
  {
    "model": "app_products.specification",
    "pk": 44,
    "fields": {
      "product": 10,
      "name": "Мощность акустики",
      "value": "2 x 10 Вт",
      "available": true
    }
  },
  {
    "model": "app_products.specification",
    "pk": 45,
    "fields": {
      "product": 11,
      "name": "Экран",
      "value": "3840 x 2160, OLED, 4K Ultra HD, 120 Гц",
      "available": true
    }
  },
  {
    "model": "app_products.specification",
    "pk": 46,
    "fields": {
      "product": 11,
      "name": "Особенности",
      "value": "SMART TV; HDR",
      "available": true
    }
  },
  {
    "model": "app_products.specification",
    "pk": 47,
    "fields": {
      "product": 11,
      "name": "Мощность акустики",
      "value": "4 x 10 Вт",
      "available": true
    }
  },
  {
    "model": "app_products.specification",
    "pk": 48,
    "fields": {
      "product": 12,
      "name": "Экран",
      "value": "7680 x 4320, Neo QLED, 8K Ultra HD, 100 Гц",
      "available": true
    }
  },
  {
    "model": "app_products.specification",
    "pk": 49,
    "fields": {
      "product": 12,
      "name": "Особенности",
      "value": "SMART TV",
      "available": true
    }
  },
  {
    "model": "app_products.specification",
    "pk": 50,
    "fields": {
      "product": 12,
      "name": "Мощность акустики",
      "value": "6 x 10",
      "available": true
    }
  },
  {
    "model": "app_products.specification",
    "pk": 51,
    "fields": {
      "product": 13,
      "name": "Экран",
      "value": "3840 x 2160, 4K Ultra HD, 60 Гц",
      "available": true
    }
  },
  {
    "model": "app_products.specification",
    "pk": 52,
    "fields": {
      "product": 13,
      "name": "Особенности",
      "value": "SMART TV; HDR",
      "available": true
    }
  },
  {
    "model": "app_products.specification",
    "pk": 53,
    "fields": {
      "product": 13,
      "name": "Мощность акустики",
      "value": "2 x 10 Вт",
      "available": true
    }
  },
  {
    "model": "app_products.specification",
    "pk": 54,
    "fields": {
      "product": 14,
      "name": "Экран",
      "value": "3840 x 2160, QLED, 4K Ultra HD, 60 Гц",
      "available": true
    }
  },
  {
    "model": "app_products.specification",
    "pk": 55,
    "fields": {
      "product": 14,
      "name": "Особенности",
      "value": "SMART TV; HDR",
      "available": true
    }
  },
  {
    "model": "app_products.specification",
    "pk": 56,
    "fields": {
      "product": 14,
      "name": "Мощность акустики",
      "value": "2 x 20 Вт",
      "available": true
    }
  },
  {
    "model": "app_products.specification",
    "pk": 57,
    "fields": {
      "product": 15,
      "name": "Экран",
      "value": "16 \"; 2560х1600; IPS",
      "available": true
    }
  },
  {
    "model": "app_products.specification",
    "pk": 58,
    "fields": {
      "product": 15,
      "name": "Процессор",
      "value": "Intel Core i7 11800H 2.3 ГГц (4.6 ГГц, в режиме Turbo)",
      "available": true
    }
  },
  {
    "model": "app_products.specification",
    "pk": 59,
    "fields": {
      "product": 15,
      "name": "Графический процессор",
      "value": "NVIDIA GeForce RTX A3000 - 6 ГБ",
      "available": true
    }
  },
  {
    "model": "app_products.specification",
    "pk": 60,
    "fields": {
      "product": 16,
      "name": "Экран",
      "value": "16 \"; 2560х1600; IPS",
      "available": true
    }
  },
  {
    "model": "app_products.specification",
    "pk": 61,
    "fields": {
      "product": 16,
      "name": "Процессор",
      "value": "Intel Core i7 12700H 2.3 ГГц (4.7 ГГц, в режиме Turbo)",
      "available": true
    }
  },
  {
    "model": "app_products.specification",
    "pk": 62,
    "fields": {
      "product": 16,
      "name": "Графический процессор",
      "value": "NVIDIA GeForce RTX 3060 для ноутбуков - 6 ГБ",
      "available": true
    }
  },
  {
    "model": "app_products.specification",
    "pk": 63,
    "fields": {
      "product": 17,
      "name": "Экран",
      "value": "15.6 \"; 1920х1080; IPS",
      "available": true
    }
  },
  {
    "model": "app_products.specification",
    "pk": 64,
    "fields": {
      "product": 17,
      "name": "Процессор",
      "value": "Intel Core i5 10300H 2.5 ГГц (4.5 ГГц, в режиме Turbo)",
      "available": true
    }
  },
  {
    "model": "app_products.specification",
    "pk": 65,
    "fields": {
      "product": 17,
      "name": "Графический процессор",
      "value": "NVIDIA GeForce GTX 1650 - 4 ГБ",
      "available": true
    }
  },
  {
    "model": "app_products.specification",
    "pk": 66,
    "fields": {
      "product": 18,
      "name": "Экран",
      "value": "15.6 \"; 1920х1080; VA",
      "available": true
    }
  },
  {
    "model": "app_products.specification",
    "pk": 67,
    "fields": {
      "product": 18,
      "name": "Процессор",
      "value": "Intel Core i5 11400H 2.7 ГГц (4.5 ГГц, в режиме Turbo)",
      "available": true
    }
  },
  {
    "model": "app_products.specification",
    "pk": 68,
    "fields": {
      "product": 18,
      "name": "Графический процессор",
      "value": "NVIDIA GeForce RTX 3050 Ti для ноутбуков - 4 ГБ",
      "available": true
    }
  },
  {
    "model": "app_products.specification",
    "pk": 69,
    "fields": {
      "product": 19,
      "name": "Экран",
      "value": "16 \"; 2560х1600; IPS",
      "available": true
    }
  },
  {
    "model": "app_products.specification",
    "pk": 70,
    "fields": {
      "product": 19,
      "name": "Процессор",
      "value": "Intel Core i7 11800H 2.3 ГГц (4.6 ГГц, в режиме Turbo)",
      "available": true
    }
  },
  {
    "model": "app_products.specification",
    "pk": 71,
    "fields": {
      "product": 19,
      "name": "Графический процессор",
      "value": "NVIDIA GeForce RTX 3060 для ноутбуков - 6 ГБ",
      "available": true
    }
  },
  {
    "model": "app_products.specification",
    "pk": 72,
    "fields": {
      "product": 20,
      "name": "Экран",
      "value": "16 \"; 2560х1600; IPS",
      "available": true
    }
  },
  {
    "model": "app_products.specification",
    "pk": 73,
    "fields": {
      "product": 20,
      "name": "Процессор",
      "value": "Intel Core i7 12700H 2.3 ГГц (4.7 ГГц, в режиме Turbo)",
      "available": true
    }
  },
  {
    "model": "app_products.specification",
    "pk": 74,
    "fields": {
      "product": 20,
      "name": "Графический процессор",
      "value": "NVIDIA GeForce RTX A2000 - 8 ГБ",
      "available": true
    }
  },
  {
    "model": "app_products.specification",
    "pk": 75,
    "fields": {
      "product": 21,
      "name": "Экран",
      "value": "17.3 \"; 3840х2160; IPS",
      "available": true
    }
  },
  {
    "model": "app_products.specification",
    "pk": 76,
    "fields": {
      "product": 21,
      "name": "Процессор",
      "value": "Intel Core i9 12900HX 2.3 ГГц (5.0 ГГц, в режиме Turbo)",
      "available": true
    }
  },
  {
    "model": "app_products.specification",
    "pk": 77,
    "fields": {
      "product": 21,
      "name": "Графический процессор",
      "value": "NVIDIA GeForce RTX 3080 Ti для ноутбуков - 16 ГБ",
      "available": true
    }
  },
  {
    "model": "app_products.specification",
    "pk": 78,
    "fields": {
      "product": 22,
      "name": "Дальность действия",
      "value": "6 km",
      "available": true
    }
  },
  {
    "model": "app_products.specification",
    "pk": 79,
    "fields": {
      "product": 22,
      "name": "Кол-во мегапикселей",
      "value": "12 MP",
      "available": true
    }
  },
  {
    "model": "app_products.specification",
    "pk": 80,
    "fields": {
      "product": 22,
      "name": "Емкость аккумулятора",
      "value": "3800 mAh",
      "available": true
    }
  },
  {
    "model": "app_products.specification",
    "pk": 81,
    "fields": {
      "product": 23,
      "name": "Дальность действия",
      "value": "10 km",
      "available": true
    }
  },
  {
    "model": "app_products.specification",
    "pk": 82,
    "fields": {
      "product": 23,
      "name": "Кол-во мегапикселей",
      "value": "48 MP",
      "available": true
    }
  },
  {
    "model": "app_products.specification",
    "pk": 83,
    "fields": {
      "product": 23,
      "name": "Емкость аккумулятора",
      "value": "4500 mAh",
      "available": true
    }
  },
  {
    "model": "app_products.specification",
    "pk": 84,
    "fields": {
      "product": 24,
      "name": "Дальность действия",
      "value": "10 km",
      "available": true
    }
  },
  {
    "model": "app_products.specification",
    "pk": 85,
    "fields": {
      "product": 24,
      "name": "Кол-во мегапикселей",
      "value": "48 MP",
      "available": true
    }
  },
  {
    "model": "app_products.specification",
    "pk": 86,
    "fields": {
      "product": 24,
      "name": "Емкость аккумулятора",
      "value": "3850 mAh",
      "available": true
    }
  },
  {
    "model": "app_products.specification",
    "pk": 87,
    "fields": {
      "product": 25,
      "name": "Дальность действия",
      "value": "10 km",
      "available": true
    }
  },
  {
    "model": "app_products.specification",
    "pk": 88,
    "fields": {
      "product": 25,
      "name": "Кол-во мегапикселей",
      "value": "12 MP",
      "available": true
    }
  },
  {
    "model": "app_products.specification",
    "pk": 89,
    "fields": {
      "product": 25,
      "name": "Емкость аккумулятора",
      "value": "2250 mAh",
      "available": true
    }
  },
  {
    "model": "app_products.specification",
    "pk": 90,
    "fields": {
      "product": 26,
      "name": "Дальность действия",
      "value": "10 km",
      "available": true
    }
  },
  {
    "model": "app_products.specification",
    "pk": 91,
    "fields": {
      "product": 26,
      "name": "Кол-во мегапикселей",
      "value": "12 MP",
      "available": true
    }
  },
  {
    "model": "app_products.specification",
    "pk": 92,
    "fields": {
      "product": 26,
      "name": "Емкость аккумулятора",
      "value": "3500 mAh",
      "available": true
    }
  },
  {
    "model": "app_products.specification",
    "pk": 93,
    "fields": {
      "product": 27,
      "name": "Количество моторов",
      "value": "4",
      "available": true
    }
  },
  {
    "model": "app_products.specification",
    "pk": 94,
    "fields": {
      "product": 27,
      "name": "Максимальная горизонтальная скорость",
      "value": "15 метр/сек",
      "available": true
    }
  },
  {
    "model": "app_products.specification",
    "pk": 95,
    "fields": {
      "product": 27,
      "name": "Максимальное разрешение видео",
      "value": "3840 х 2160",
      "available": true
    }
  },
  {
    "model": "app_products.specification",
    "pk": 96,
    "fields": {
      "product": 28,
      "name": "Кол-во мегапикселей",
      "value": "12 MP",
      "available": true
    }
  },
  {
    "model": "app_products.specification",
    "pk": 97,
    "fields": {
      "product": 28,
      "name": "Скорость",
      "value": "65 km/h",
      "available": true
    }
  },
  {
    "model": "app_products.specification",
    "pk": 98,
    "fields": {
      "product": 28,
      "name": "Емкость аккумулятора",
      "value": "3600 mAh",
      "available": true
    }
  },
  {
    "model": "app_products.review",
    "pk": 1,
    "fields": {
      "product": 2,
      "author": "giga",
      "email": "giga@email.com",
      "text": "Wow!",
      "rate": "5",
      "date": "2023-04-25T17:05:32.216Z",
      "available": true
    }
  },
  {
    "model": "app_products.review",
    "pk": 2,
    "fields": {
      "product": 2,
      "author": "Goodman",
      "email": "goodman@email.com",
      "text": "Good",
      "rate": "4",
      "date": "2023-04-25T17:06:08.388Z",
      "available": true
    }
  },
  {
    "model": "app_products.review",
    "pk": 3,
    "fields": {
      "product": 2,
      "author": "nicewomen",
      "email": "nicewomen@email.com",
      "text": "Nice!",
      "rate": "5",
      "date": "2023-04-25T17:06:43.526Z",
      "available": true
    }
  },
  {
    "model": "app_products.review",
    "pk": 4,
    "fields": {
      "product": 4,
      "author": "sadman",
      "email": "sadman@email.com",
      "text": "not enough good((",
      "rate": "3",
      "date": "2023-04-25T17:09:15.072Z",
      "available": true
    }
  },
  {
    "model": "app_products.review",
    "pk": 5,
    "fields": {
      "product": 26,
      "author": "yeeman",
      "email": "yeeman@email.com",
      "text": "yeee",
      "rate": "5",
      "date": "2023-04-25T17:10:07.041Z",
      "available": true
    }
  },
  {
    "model": "app_products.review",
    "pk": 6,
    "fields": {
      "product": 21,
      "author": "fantastic",
      "email": "fants@email.com",
      "text": "sofantastic!",
      "rate": "2",
      "date": "2023-04-25T17:11:00.686Z",
      "available": true
    }
  },
  {
    "model": "app_products.review",
    "pk": 7,
    "fields": {
      "product": 5,
      "author": "breakman",
      "email": "break@email.com",
      "text": "won't break?",
      "rate": "2",
      "date": "2023-04-25T17:12:18.476Z",
      "available": true
    }
  }
]